Class,True Positive,False Positive,True Negative,False Negative,Precision,Recall,F1-Score
Blight,203,30,579,26,0.871244635193133,0.8864628820960698,0.8787878787878788
Common_Rust,249,5,572,12,0.9803149606299213,0.9540229885057471,0.9669902912621359
Gray_Leaf_Spot,94,23,700,21,0.8034188034188035,0.8173913043478261,0.8103448275862069
Healthy,231,3,602,2,0.9871794871794872,0.9914163090128756,0.9892933618843683
