Class,True Positive,False Positive,True Negative,False Negative,Precision,Recall,F1-Score
Blight,210,54,555,19,0.7954545454545454,0.9170305676855895,0.8519269776876268
Common_Rust,247,10,567,14,0.9610894941634242,0.946360153256705,0.9536679536679536
Gray_Leaf_Spot,71,13,710,44,0.8452380952380952,0.6173913043478261,0.7135678391959799
Healthy,229,4,601,4,0.9828326180257511,0.9828326180257511,0.9828326180257511
