Class,True Positive,False Positive,True Negative,False Negative,Precision,Recall,F1-Score
Blight,199,27,582,30,0.8805309734513275,0.868995633187773,0.8747252747252747
Common_Rust,251,7,570,10,0.9728682170542635,0.9616858237547893,0.9672447013487476
Gray_Leaf_Spot,90,26,697,25,0.7758620689655172,0.782608695652174,0.7792207792207793
Healthy,232,6,599,1,0.9747899159663865,0.9957081545064378,0.9851380042462845
